of	17
is	16
this	16
to	13
series	10
book	9
sandman	9
i	8
you	8
not	7
best	6
s	6
that	6
but	5
comic	5
story	5
ever	4
gaiman	4
have	4
one	4
read	4
about	3
as	3
beginning	3
books	3
can	3
my	3
novel	3
them	3
which	3
8	2
all	2
anyone	2
art	2
at	2
be	2
because	2
better	2
dream	2
favorite	2
first	2
give	2
go	2
graphic	2
great	2
has	2
into	2
issue	2
its	2
like	2
modern	2
most	2
only	2
opinion	2
quite	2
quot	2
should	2
some	2
still	2
t	2
tale	2
was	2
won	2
works	2
world	2
yet	2
2000	1
6	1
after	1
ahead	1
along	1
also	1
altogether	1
always	1
amazing	1
ancient	1
another	1
appearance	1
are	1
aspects	1
battle	1
bbc	1
been	1
begin	1
below	1
brilliant	1
buy	1
cause	1
certain	1
chance	1
changed	1
changing	1
collected	1
combat	1
commic	1
contains	1
converts	1
could	1
create	1
d	1
dare	1
death	1
dee	1
deserves	1
did	1
disguise	1
down	1
endless	1
enjoy	1
escape	1
especially	1
essentually	1
even	1
every	1
existed	1
fables	1
facets	1
fantastic	1
fantasy	1
far	1
fary	1
feels	1
few	1
fight	1
folklore	1
from	1
gets	1
gigantic	1
gods	1
goes	1
happened	1
hard	1
hated	1
her	1
here	1
highest	1
horror	1
idea	1
intense	1
interested	1
issues	1
john	1
just	1
know	1
larger	1
let	1
line	1
literature	1
londen	1
make	1
many	1
may	1
mean	1
mind	1
mini	1
more	1
mortals	1
much	1
mythology	1
myths	1
necessary	1
neil	1
neverwhere	1
nothing	1
novels	1
offer	1
often	1
on	1
ones	1
ongoing	1
opens	1
others	1
pages	1
part	1
peoples	1
physical	1
point	1
possible	1
pulled	1
pun	1
pyschology	1
rating	1
rave	1
reccomend	1
religion	1
relm	1
review	1
same	1
say	1
scene	1
seen	1
seven	1
sheer	1
simple	1
something	1
sound	1
spanning	1
stars	1
start	1
starting	1
stop	1
stories	1
strays	1
synthesis	1
taken	1
than	1
there	1
these	1
they	1
though	1
thoughts	1
time	1
times	1
tpb	1
turned	1
unable	1
until	1
uses	1
ve	1
vertigo	1
very	1
wants	1
watch	1
way	1
ways	1
weakest	1
weaved	1
who	1
whole	1
will	1
wings	1
with	1
word	1
work	1
wowed	1
writers	1
year	1
